-- MySQL dump 10.13  Distrib 8.0.42, for Win64 (x86_64)
--
-- Host: 127.0.0.1    Database: job_platform
-- ------------------------------------------------------
-- Server version	5.5.28

/*!40101 SET @OLD_CHARACTER_SET_CLIENT=@@CHARACTER_SET_CLIENT */;
/*!40101 SET @OLD_CHARACTER_SET_RESULTS=@@CHARACTER_SET_RESULTS */;
/*!40101 SET @OLD_COLLATION_CONNECTION=@@COLLATION_CONNECTION */;
/*!50503 SET NAMES utf8mb4 */;
/*!40103 SET @OLD_TIME_ZONE=@@TIME_ZONE */;
/*!40103 SET TIME_ZONE='+00:00' */;
/*!40014 SET @OLD_UNIQUE_CHECKS=@@UNIQUE_CHECKS, UNIQUE_CHECKS=0 */;
/*!40014 SET @OLD_FOREIGN_KEY_CHECKS=@@FOREIGN_KEY_CHECKS, FOREIGN_KEY_CHECKS=0 */;
/*!40101 SET @OLD_SQL_MODE=@@SQL_MODE, SQL_MODE='NO_AUTO_VALUE_ON_ZERO' */;
/*!40111 SET @OLD_SQL_NOTES=@@SQL_NOTES, SQL_NOTES=0 */;

--
-- Table structure for table `applications`
--

DROP TABLE IF EXISTS `applications`;
/*!40101 SET @saved_cs_client     = @@character_set_client */;
/*!50503 SET character_set_client = utf8mb4 */;
CREATE TABLE `applications` (
  `id` bigint(20) NOT NULL AUTO_INCREMENT,
  `job_id` bigint(20) NOT NULL,
  `student_id` bigint(20) NOT NULL,
  `resume_id` bigint(20) NOT NULL,
  `status` varchar(20) NOT NULL DEFAULT '待处理',
  `apply_time` datetime DEFAULT NULL,
  `updated_at` timestamp NOT NULL DEFAULT CURRENT_TIMESTAMP ON UPDATE CURRENT_TIMESTAMP,
  PRIMARY KEY (`id`),
  KEY `job_id` (`job_id`),
  KEY `student_id` (`student_id`),
  KEY `resume_id` (`resume_id`),
  CONSTRAINT `applications_ibfk_1` FOREIGN KEY (`job_id`) REFERENCES `jobs` (`id`),
  CONSTRAINT `applications_ibfk_2` FOREIGN KEY (`student_id`) REFERENCES `student_profiles` (`id`),
  CONSTRAINT `applications_ibfk_3` FOREIGN KEY (`resume_id`) REFERENCES `resumes` (`id`)
) ENGINE=InnoDB AUTO_INCREMENT=31 DEFAULT CHARSET=utf8;
/*!40101 SET character_set_client = @saved_cs_client */;

--
-- Dumping data for table `applications`
--

LOCK TABLES `applications` WRITE;
/*!40000 ALTER TABLE `applications` DISABLE KEYS */;
INSERT INTO `applications` VALUES (1,1,1,1,'已撤回','2025-06-05 18:01:30','2025-06-07 08:23:03'),(2,2,2,2,'已查看','2025-05-31 18:01:30','2025-05-31 10:01:30'),(3,3,3,3,'待面试','2025-05-31 18:01:30','2025-05-31 10:01:30'),(4,4,4,4,'已通过','2025-05-31 18:01:30','2025-05-31 10:01:30'),(5,5,5,5,'已拒绝','2025-05-31 18:01:30','2025-05-31 10:01:30'),(6,6,6,6,'待处理','2025-05-31 18:01:30','2025-05-31 10:01:30'),(7,7,7,7,'已查看','2025-05-31 18:01:30','2025-05-31 10:01:30'),(8,8,8,8,'待面试','2025-05-31 18:01:30','2025-05-31 10:01:30'),(9,9,9,9,'已通过','2025-05-31 18:01:30','2025-05-31 10:01:30'),(10,10,10,10,'已拒绝','2025-05-31 18:01:30','2025-05-31 10:01:30'),(11,1,1,1,'待处理','2025-06-02 16:46:14','2025-06-02 08:46:14'),(12,2,2,2,'已查看','2025-06-02 16:46:14','2025-06-02 08:46:14'),(13,3,3,3,'待面试','2025-06-02 16:46:14','2025-06-02 08:46:14'),(14,4,4,4,'已通过','2025-06-02 16:46:14','2025-06-02 08:46:14'),(15,5,5,5,'已拒绝','2025-06-02 16:46:14','2025-06-02 08:46:14'),(16,6,6,6,'待面试','2025-06-02 16:46:14','2025-06-02 15:25:48'),(17,7,7,7,'已查看','2025-06-02 16:46:14','2025-06-02 08:46:14'),(18,8,8,8,'待面试','2025-06-02 16:46:14','2025-06-02 08:46:14'),(19,9,9,9,'已通过','2025-06-02 16:46:14','2025-06-02 08:46:14'),(20,10,10,10,'已拒绝','2025-06-02 16:46:14','2025-06-02 08:46:14'),(21,30,1,1,'待处理','2025-06-02 20:03:54','2025-06-02 12:03:56'),(22,12,1,1,'待处理','2025-06-02 20:05:24','2025-06-02 12:05:24'),(23,30,1,1,'待处理','2025-06-02 22:30:33','2025-06-02 14:30:33'),(24,6,1,1,'待面试','2025-06-02 23:26:26','2025-06-02 15:30:59'),(25,1,1,1,'已通过','2025-06-02 23:26:46','2025-06-05 15:06:34'),(26,11,1,1,'已撤回','2025-06-07 16:23:36','2025-11-14 13:48:00'),(28,31,1,1,'已发送offer','2025-06-07 16:30:51','2025-06-07 08:37:21'),(29,17,1,1,'已邀请面试','2025-12-17 15:28:02','2025-12-17 07:30:00'),(30,15,1,11,'待处理','2026-02-04 19:46:14','2026-02-04 11:46:14');
/*!40000 ALTER TABLE `applications` ENABLE KEYS */;
UNLOCK TABLES;

--
-- Table structure for table `chat_history`
--

DROP TABLE IF EXISTS `chat_history`;
/*!40101 SET @saved_cs_client     = @@character_set_client */;
/*!50503 SET character_set_client = utf8mb4 */;
CREATE TABLE `chat_history` (
  `id` bigint(20) NOT NULL AUTO_INCREMENT,
  `type` varchar(255) NOT NULL,
  `chat_id` varchar(255) NOT NULL,
  PRIMARY KEY (`id`)
) ENGINE=InnoDB AUTO_INCREMENT=5 DEFAULT CHARSET=utf8;
/*!40101 SET character_set_client = @saved_cs_client */;

--
-- Dumping data for table `chat_history`
--

LOCK TABLES `chat_history` WRITE;
/*!40000 ALTER TABLE `chat_history` DISABLE KEYS */;
INSERT INTO `chat_history` VALUES (1,'chat','1'),(2,'chat','guest'),(3,'chat','6'),(4,'chat','9');
/*!40000 ALTER TABLE `chat_history` ENABLE KEYS */;
UNLOCK TABLES;

--
-- Table structure for table `chat_message`
--

DROP TABLE IF EXISTS `chat_message`;
/*!40101 SET @saved_cs_client     = @@character_set_client */;
/*!50503 SET character_set_client = utf8mb4 */;
CREATE TABLE `chat_message` (
  `id` bigint(20) NOT NULL AUTO_INCREMENT,
  `conversation_id` varchar(10) NOT NULL COMMENT 'userid',
  `role` enum('user','assistant','unknown') NOT NULL COMMENT '发言角色',
  `content` text NOT NULL COMMENT '消息内容',
  `created_at` timestamp NOT NULL DEFAULT CURRENT_TIMESTAMP,
  PRIMARY KEY (`id`)
) ENGINE=InnoDB AUTO_INCREMENT=222 DEFAULT CHARSET=utf8mb4 COMMENT='智能客服消息记录';
/*!40101 SET character_set_client = @saved_cs_client */;

--
-- Dumping data for table `chat_message`
--

LOCK TABLES `chat_message` WRITE;
/*!40000 ALTER TABLE `chat_message` DISABLE KEYS */;
INSERT INTO `chat_message` VALUES (35,'6','user','测试岗位有什么','2026-01-29 14:08:43'),(36,'6','assistant','职位 1：测试工程师\n地点：深圳\n薪资：10k-20k\n要求：本科学历，1年经验\n简述：负责测试\n需求：有测试经验\n\n职位 2：测试工程师\n地点：北京\n薪资：10k-18k\n要求：本科学历，2年及以上经验\n简述：负责软件测试\n需求：熟悉自动化测试\n\n职位 3：测试实习生\n地点：广州\n薪资：3k-5k\n要求：本科学历，经验不限\n简述：协助测试工作\n需求：细心负责\n\n希望这些信息对你有帮助哦！如果还有其他想知道的，随时告诉我哈～🌟','2026-01-29 14:08:55'),(37,'6','user','java岗位有什么','2026-01-29 14:10:15'),(38,'6','assistant','职位 1：Java开发工程师\n地点：北京\n薪资：15k-30k\n要求：本科学历，1年经验\n简述：负责后端开发\n需求：精通Java\n\n职位 2：Java开发工程师\n地点：北京\n薪资：15k-30k\n要求：本科学历，3年及以上经验\n简述：负责后端开发\n需求：精通Java，熟悉Spring\n\n希望这些信息对你有帮助哦！如果还有其他想知道的，随时告诉我哈～🌟','2026-01-29 14:10:38'),(39,'6','user','java岗位有吗','2026-01-29 14:12:45'),(40,'6','assistant','当然有啦！这里有一些Java开发工程师的岗位信息，快来看看吧！😊\n\n1. **职位名称**：Java开发工程师  \n   - **工作地点**：北京\n   - **薪资范围**：15k-30k\n   - **学历要求**：本科\n   - **经验要求**：1年\n   - **职位描述**：负责后端开发\n   - **职位需求**：精通Java\n\n2. **职位名称**：Java开发工程师  \n   - **工作地点**：北京\n   - **薪资范围**：15k-30k\n   - **学历要求**：本科\n   - **经验要求**：3年及以上\n   - **职位描述**：负责后端开发\n   - **职位需求**：精通Java，熟悉Spring\n\n希望这些信息对你有所帮助哦！如果还有其他想知道的，随时告诉我哈～🌟','2026-01-29 14:13:02'),(41,'6','user','java岗位有什么','2026-01-29 14:20:33'),(42,'6','assistant','找到了一些Java开发工程师的岗位信息，快来看看吧！😊\n\n1. **职位名称**：Java开发工程师  \n   - **工作地点**：北京\n   - **薪资范围**：15k-30k\n   - **学历要求**：本科\n   - **经验要求**：1年\n   - **职位描述**：负责后端开发\n   - **职位需求**：精通Java\n\n2. **职位名称**：Java开发工程师  \n   - **工作地点**：北京\n   - **薪资范围**：15k-30k\n   - **学历要求**：本科\n   - **经验要求**：3年及以上\n   - **职位描述**：负责后端开发\n   - **职位需求**：精通Java，熟悉Spring\n\n希望这些信息对你有帮助哦！如果还有其他想知道的，随时告诉我哈～🌟','2026-01-29 14:20:44'),(43,'6','user','java岗位有什么','2026-01-29 14:24:34'),(44,'6','assistant','找到了一些Java开发工程师的岗位信息，快来看看吧！😊\n\n1. **职位名称**：Java开发工程师  \n   - **工作地点**：北京\n   - **薪资范围**：15k-30k\n   - **学历要求**：本科\n   - **经验要求**：1年\n   - **职位描述**：负责后端开发\n   - **职位需求**：精通Java\n\n2. **职位名称**：Java开发工程师  \n   - **工作地点**：北京\n   - **薪资范围**：15k-30k\n   - **学历要求**：本科\n   - **经验要求**：3年及以上\n   - **职位描述**：负责后端开发\n   - **职位需求**：精通Java，熟悉Spring\n\n希望这些信息对你有帮助哦！如果还有其他想知道的，随时告诉我哈～🌟','2026-01-29 14:25:02'),(45,'6','user','java岗位有什么','2026-01-29 14:26:54'),(46,'6','assistant','暂未找到匹配的信息，可以换个关键词试试哦！例如，你可以告诉我你感兴趣的地点或者具体的经验要求。😊 如果还有其他想了解的，随时告诉我哈～🌟','2026-01-29 14:27:03'),(47,'6','user','测试岗位有什么','2026-01-29 14:27:44'),(48,'6','assistant','暂未找到匹配的信息，可以换个关键词试试哦！例如，你可以告诉我你感兴趣的地点或者具体的经验要求。😊 如果还有其他想了解的，随时告诉我哈～🌟','2026-01-29 14:27:52'),(49,'6','user','java岗位有啥','2026-01-29 14:28:59'),(50,'6','assistant','找到了一些Java开发工程师的岗位信息，快来看看吧！😊\n\n1. **职位名称**：Java开发工程师\n   - **工作地点**：北京\n   - **薪资范围**：15k-30k\n   - **学历要求**：本科\n   - **经验要求**：1年\n   - **职位描述**：负责后端开发\n   - **职位需求**：精通Java\n\n2. **职位名称**：Java开发工程师\n   - **工作地点**：北京\n   - **薪资范围**：15k-30k\n   - **学历要求**：本科\n   - **经验要求**：3年及以上\n   - **职位描述**：负责后端开发\n   - **职位需求**：精通Java，熟悉Spring\n\n希望这些信息对你有帮助哦！如果还有其他想知道的，随时告诉我哈～🌟','2026-01-29 14:29:30'),(51,'6','user','java岗位有什么','2026-01-30 11:35:54'),(52,'6','assistant','找到了一些Java开发工程师的岗位信息，快来看看吧！😊\n\n1. **职位名称**：Java开发工程师\n   - **工作地点**：北京\n   - **薪资范围**：15k-30k\n   - **学历要求**：本科\n   - **经验要求**：1年\n   - **职位描述**：负责后端开发\n   - **职位需求**：精通Java\n\n2. **职位名称**：Java开发工程师\n   - **工作地点**：北京\n   - **薪资范围**：15k-30k\n   - **学历要求**：本科\n   - **经验要求**：3年及以上\n   - **职位描述**：负责后端开发\n   - **职位需求**：精通Java，熟悉Spring\n\n希望这些信息对你有帮助哦！如果还有其他想知道的，随时告诉我哈～🌟','2026-01-30 11:36:05'),(53,'6','user','八股文怎么背','2026-01-30 12:42:51'),(54,'6','assistant','看来你正在准备八股文的背诵，这在技术面试中是非常重要的哦！下面是一些高效的记忆方法和建议，希望能帮到你～🌟\n\n### 一、背诵方法论\n1. **理解而非死记**\n   - **错误方式**：死记硬背，比如“HashMap的底层结构是数组+链表+红黑树”。\n   - **正确方式**：理解记忆。例如，思考为什么HashMap需要红黑树？这是因为解决哈希冲突时链表过长的问题。\n\n2. **压力缓解方法**\n   - **面试前**：\n     - 充分准备，增强信心。\n     - 模拟面试，熟悉流程。\n     - 正常作息，保持精力。\n   - **面试中**：\n     - 深呼吸缓解紧张。\n     - 把面试官当技术交流对象。\n     - 专注于问题本身而非结果。\n   - **面试后**：\n     - 及时复盘，不计较得失。\n     - 保持积极，准备下一场。\n     - 适当放松，调整状态。\n\n### 二、长期规划建议\n1. **实习的重要性**\n   - **大二暑假**：尝试第一份技术实习，目标是了解行业，积累经验，不求大厂，重在参与。\n   - **大三暑假**：争取目标公司的实习，表现优秀争取return offer，积累项目经验和人脉。\n\n2. **持续学习计划**\n   - **技术深度**：深入研究1-2个技术方向，参与开源项目或有影响力的个人项目，技术博客输出，建立个人品牌。\n   - **技术广度**：关注行业技术趋势，学习相邻技术领域，参加技术沙龙和会议。\n\n### 三、心态调整篇\n1. **正确认知面试**\n   - 面试是双向选择，不是审判。每次面试都是学习机会，不要因一次失败否定自己，积累经验比立即成功更重要。\n\n希望这些方法能帮助你更好地准备八股文的背诵！如果还有其他想了解的，随时告诉我哦～😊✨','2026-01-30 12:43:14'),(55,'6','user','面试官可能问的问题','2026-01-30 12:44:32'),(56,'6','assistant','好的，看起来你已经准备得很充分了！面试是一个双向选择的过程，保持积极的心态非常重要哦！😊\n\n如果你有任何具体的问题或者需要进一步的帮助，比如想了解某个公司的职位信息、企业信息，或者是具体的职位要求，随时告诉我哦！我会尽全力帮助你的！🌟\n\n例如：\n- 如果你想知道“阿里巴巴的Java开发工程师岗位”，可以告诉我“阿里巴巴的Java开发工程师”。\n- 如果你想了解“北京的大型互联网公司”，可以告诉我“北京的大型互联网公司”。\n- 如果你想找“北京的实习岗位”，可以告诉我“北京的实习岗位”。\n\n希望这些信息对你有帮助！如果还有其他想知道的，随时告诉我哈～💖','2026-01-30 12:44:40'),(57,'6','user','面试官可能问的问题','2026-01-30 12:54:49'),(58,'6','assistant','我找到了一些Java开发工程师的岗位信息，快来看看有没有你心动的吧！💖\n\n岗位 1：\n- 职位名称：Java开发工程师\n- 地点：北京\n- 薪资范围：15k-30k\n- 简述：负责后端开发\n- 需求：精通Java\n- 学历要求：本科\n- 经验要求：1年\n\n岗位 2：\n- 职位名称：Java开发工程师\n- 地点：北京\n- 薪资范围：15k-30k\n- 简述：负责后端开发\n- 需求：精通Java，熟悉Spring\n- 学历要求：本科\n- 经验要求：3年及以上\n\n希望这些信息对你有帮助哦！如果还有其他想知道的，随时告诉我哈～🌟','2026-01-30 12:54:58'),(59,'6','user','面试官可能问的问题','2026-01-30 12:56:37'),(60,'6','assistant','面试官可能会问到的问题真的很多呢，不过根据你提供的信息，我可以帮你整理一下常见的几类问题和应对策略。这样你在准备的时候就可以更有方向啦！😊\n\n### 1. 自我介绍\n- **问题**：请你简单介绍一下自己。\n- **建议**：可以参考模板，简洁明了地介绍自己的基本信息、技术专长以及为什么对这个职位感兴趣。\n\n### 2. 技术相关问题\n- **算法题**：比如LeetCode高频题或公司历年真题。这类题目考察的是你的编程基础和技术思维能力。\n- **项目经验**：\n  - **技术选型原因**：比如选择某项技术栈的理由是什么？\n  - **遇到的挑战及解决方案**：描述在项目中遇到的具体困难以及你是如何解决这些问题的。\n  - **如果重做会如何改进**：基于现在学到的知识，你会怎么优化之前的项目？\n\n### 3. 行为面试题\n- **使用STAR法则**来回答行为类问题（Situation, Task, Action, Result），特别是当被问到有关团队合作、解决问题的能力时。\n- **示例问题**：“请举例说明一次你成功解决了一个难题的经历。”\n\n### 4. 对公司的了解与兴趣\n- **推荐问题**：向面试官提问关于团队的技术挑战、发展方向或者新人培养机制等问题，这不仅能展示出你对未来工作的热情，也能帮助你更好地了解即将加入的环境。\n\n### 5. 薪资期望\n- 在HR面时讨论薪资预期是比较合适的时机。记得先做好市场调研，并给出一个合理的范围而非具体的数字哦！\n\n### 面试技巧小贴士：\n- 准备充分，对于可能遇到的技术问题提前练习。\n- 保持积极乐观的态度，即使遇到不会的问题也不要慌张，可以尝试着从已知出发进行推理。\n- 注意非语言沟通，如眼神交流、微笑等，给对方留下良好印象。\n\n希望这些信息对你有所帮助！如果你还有其他方面想要了解的话，请随时告诉我～😉✨','2026-01-30 12:57:05'),(61,'6','user','面试官可能问的问题','2026-01-30 13:01:48'),(62,'6','assistant','你好呀！面试准备得好充分哦，看得出来你很用心呢！🤔 面试官可能会问到的问题，根据你提供的信息，这里有几个常见的问题和建议，希望对你有帮助哦～🌟\n\n### 技术问题\n1. **算法题**：面试官可能会从LeetCode高频100题、剑指Offer经典题或公司历年真题中挑选题目来考察你的编码能力。记得先确认问题范围，分点回答，逻辑清晰，并结合实际项目经验哦！👩‍💻\n\n2. **项目深挖**：\n   - 为什么选择这个技术栈？（比如Spring Boot, Redis等）\n   - 项目中遇到的最大挑战是什么？你是如何解决的？\n   - 如果再做一次这个项目，你会怎么改进？\n\n### 行为问题\n1. **自我介绍**：可以参考模板，简短精炼地介绍自己，突出自己的技术方向和项目经验。\n   \n2. **创造价值**：面试官可能会问“你觉得如何为公司创造价值？”这时候你可以谈谈你在项目中的具体贡献，以及你对公司的业务和技术的理解，展示你的积极性和学习态度。\n\n3. **职业规划**：HR面时可能会问到你的职业规划，可以表达你对未来发展的想法，以及你对公司文化的认同感。\n\n### 反问环节\n- 在反问环节，你可以问一些关于团队的技术挑战和发展方向，新人的培养机制，或者项目的技术栈选型考虑等问题，展示你的思考深度和对工作的热情。\n\n### 面试技巧\n- **保持冷静**：如果遇到不会的问题，诚实承认并表达学习意愿，尝试基于已有知识推理，也可以询问面试官提示，展示解决问题的思路。\n- **STAR法则**：在回答行为问题时，使用STAR法则（情境、任务、行动、结果）来结构化你的答案，突出个人贡献和成长。\n\n希望这些小贴士能帮到你，祝你面试顺利，拿到心仪的offer哦！🎉 如果还有其他问题，随时欢迎提问～😉','2026-01-30 13:02:02'),(63,'6','user','鲁班大招是什么','2026-01-30 13:09:01'),(64,'6','assistant','哎呀，这个问题好像和校园招聘的信息不太相关呢～鲁班大招这个话题听起来更像是游戏里面的技能哦！如果你有关于实习、工作机会或者公司信息的问题，我很乐意帮你解答呢！如果有其他具体的职业发展问题也欢迎告诉我哦！😊✨','2026-01-30 13:09:05'),(65,'6','user','大二暑假应该干什么','2026-01-30 13:10:10'),(66,'6','assistant','大二暑假是一个很好的机会去充实自己，提升技能，同时也可以为未来的职业生涯做准备哦！这里有几条建议，希望对你有所帮助😊：\n\n1. **实习**：找一份与你专业相关的实习工作，这样不仅能提前了解职场环境，还能增加你的工作经验，对未来找工作非常有帮助呢！\n2. **参加培训或课程**：利用这段时间学习一些新的技能或者深化已有知识，比如编程、外语等，这些都是非常好的选择。\n3. **参与社会实践**：加入志愿者活动或是社区服务项目，既能帮助他人也能丰富自己的社会经验。\n4. **阅读和旅行**：广泛阅读可以拓宽视野；而旅行则能让你放松心情的同时增长见识，体验不同的文化和生活方式。\n\n每个人的兴趣点和发展方向不同，最重要的是找到最适合自己的方式来度过这个假期。希望这些建议能够帮到你，祝你有一个充实又快乐的暑假啦！🌞✨\n\n如果你想要更具体的建议，比如寻找特定领域的实习机会，或者想知道哪些课程值得学习，请告诉我更多的信息哦～我会尽力提供帮助的！😉','2026-01-30 13:10:18'),(67,'6','user','大三暑假应该干什么','2026-01-30 13:12:52'),(68,'6','assistant','嗨呀~ 根据你提供的信息，似乎没有具体的上下文来告诉我关于大三暑假应该做些什么的建议哦。不过呢，一般来说，很多小伙伴会选择实习、参加暑期课程或者志愿者活动来丰富自己的经历和技能，同时也能为未来的职业规划打下基础呢！如果你有更具体的想法或兴趣方向，可以告诉我哦，这样我也许能提供更加贴心的建议～😊✨','2026-01-30 13:13:01'),(69,'9','user','STAR法则撰写项目经历','2026-01-31 09:29:50'),(70,'9','assistant','你好呀～😊 根据你提供的上下文信息，STAR法则是用来清晰、有条理地描述你的项目经历或工作成就的一种方法。这里每个字母代表不同的方面：\n\n- **S (Situation)**：描述项目的背景或面临的挑战。\n- **T (Task)**：说明在这个情境下你被分配的任务或责任是什么。\n- **A (Action)**：详细讲述你采取了哪些具体的行动来完成任务。\n- **R (Result)**：最后分享这些行动带来的结果或影响。\n\n从你的例子来看，已经很好地展示了如何使用STAR法则来撰写项目经历啦！这样不仅让听者更容易理解你的贡献，还能更直观地看到你的技能和解决问题的能力呢！\n\n如果你还有其他关于STAR法则或者具体项目经历怎么写的问题，随时告诉我哦～我会很乐意帮忙的！🌟','2026-01-31 09:29:57'),(71,'9','user','鲁班大招','2026-01-31 09:30:23'),(72,'9','assistant','哎呀，看起来给定的上下文中没有提到关于鲁班大招的具体信息呢～ 😅 如果你能提供更多的细节或者上下文，我就能更好地帮助你了解鲁班的大招啦！不然的话，这个问题的答案可能藏在其他地方哦～ 🕵️‍♀️✨\n\n如果有其他问题或需要进一步的帮助，尽管告诉我哦！😊','2026-01-31 09:30:28'),(73,'9','user','面试跟进与结果查询','2026-02-04 11:58:27'),(74,'9','assistant','你好呀～😊 根据你提供的信息，面试后的跟进和结果查询可以这样做哦：\n\n1. **接收通知**：记得要经常查看你的平台消息、短信和邮件，确保不会错过任何面试邀请或重要通知。收到通知后，记得及时回复确认参加面试的时间和其他细节呢！🌟\n\n2. **结果跟进**：如果你在面试之后的3到5个工作日内还没有收到反馈的话，可以考虑主动联系招聘方，礼貌地询问一下面试的结果。这样做既显示了你的积极性，也能够帮助你更快地了解自己的情况。但记得语气要友好且专业哟！😉\n\n希望这些建议对你有帮助！如果有其他关于这个过程的问题，或者需要更多具体的指导，随时告诉我哈～🌈✨','2026-02-04 11:58:33'),(75,'9','user','岗位投递与注意事项','2026-02-04 12:00:58'),(76,'9','assistant','了解岗位投递的过程和注意事项真的很重要哦！这里有几个小建议，希望能帮到你😊：\n\n1. **仔细阅读职位描述**：在申请之前，请确保你已经完全理解了该职位的职责、要求以及公司文化。这有助于判断这个机会是否真的适合你。\n\n2. **准备一份优秀的简历**：简历是你给招聘方的第一印象，所以要让它看起来既专业又吸引人。记得突出你的技能、经验和成就，特别是那些与应聘职位相关的部分。\n\n3. **撰写个性化的求职信**（如果适用）：一封好的求职信能够帮助你在众多候选人中脱颖而出。试着去展现你对这份工作的热情以及为什么你是最佳人选。\n\n4. **面试前做好充分准备**：研究一下常见的面试问题，并准备好自己的答案；同时也要对公司做一些背景调查，这样可以在交谈时展现出你对他们很感兴趣。\n\n5. **注意着装得体**：根据公司的性质选择合适的服装参加面试。如果是比较正式的企业环境，则应该穿着正装；而如果是创意行业或初创公司，则可以选择稍微休闲一点但仍然整洁大方的装扮。\n\n6. **保持积极的态度**：从提交申请到等待回复的过程中，可能会遇到一些挑战或失望。重要的是要保持乐观的心态，并且不断学习成长。\n\n希望这些建议对你有所帮助！如果你有更具体的问题或者想要了解更多细节，随时欢迎提问哦😉。','2026-02-04 12:01:10'),(77,'9','user','岗位投递与注意事项','2026-02-04 12:10:44'),(78,'9','assistant','当然可以帮你整理一下岗位投递的流程和注意事项哦！😊\n\n### 投递流程\n1. **搜索筛选岗位**：先找到你感兴趣的职位。\n2. **查看详情确认适配**：仔细阅读岗位描述，确保自己符合要求。\n3. **选择简历提交**：准备好你的简历，然后提交申请。\n4. **接收投递反馈**：等待公司的回复，看看是否进入下一轮。\n\n### 注意事项\n- **避免盲目投递**：每天投递5-10个岗位比较合适，这样可以保证质量而不是数量哦！😉\n- **关注截止时间**：注意每个岗位的申请截止日期，不要错过啦！⏰\n- **不重复投递**：同一个岗位不要多次投递，以免给招聘方留下不好的印象。🚫\n\n### 面试跟进与结果查询\n- **接收通知**：记得经常检查平台、短信或邮件，看看是否有面试通知，并及时回复确认。\n- **结果跟进**：如果面试后3-5个工作日还没有收到反馈，可以礼貌地询问一下进度；如果有offer的话，记得尽快决定是接受还是拒绝哦！🌟\n\n希望这些信息对你有帮助！如果你还有其他问题，随时告诉我哟~ 🌟','2026-02-04 12:10:55'),(79,'9','user','简历创建与优化','2026-02-04 12:13:32'),(80,'9','assistant','当然可以帮你了解简历创建与优化的要点哦！根据你提供的信息，这里有一些关键步骤和小技巧😉：\n\n### 1. 简历创建与优化\n\n- **创建**：首先选择一个合适的模板开始你的简历之旅吧！接着，记得填写真实且完整的信息哦，这包括基础信息、教育/实践经历以及技能奖项等内容。完成后，别忘了将简历以PDF格式上传，并保存预览一下，确保一切看起来都棒棒哒！\n\n- **优化技巧**：\n  - 针对性适配目标岗位：让招聘官一眼就能看出你就是他们要找的人才。\n  - 量化成果：用具体数字说话，展示你的成就。\n  - 表述简洁：保持语言清晰明了。\n  - 排版规范：美观大方的布局能让简历更加吸引人。\n  - 信息真实：诚实是金，不要夸大其词哦。\n\n希望这些小贴士能帮到你，祝你在求职路上一帆风顺！如果你还有其他想要了解的内容，请告诉我哦～😊✨','2026-02-04 12:13:40'),(81,'9','user','鲁班大招','2026-02-04 12:20:16'),(82,'9','assistant','哎呀，看起来你可能是在说游戏里鲁班七号的大招吧？不过这里我们聊的是校园招聘相关的信息哦！如果你有关于找工作或者公司方面的问题，我非常乐意帮助解答呢！😊 如果确实是想了解招聘信息的话，请告诉我更多细节吧！','2026-02-04 12:20:20'),(83,'9','user','你好','2026-02-04 12:37:28'),(84,'9','user','你好','2026-02-04 12:37:40'),(85,'9','assistant','你好呀！有什么可以帮助你的吗？😊','2026-02-04 12:37:41'),(86,'9','user','你好','2026-02-04 12:38:13'),(87,'9','assistant','你好呀！有什么可以帮助你的吗？😊','2026-02-04 12:38:14'),(88,'9','user','你好','2026-02-04 12:41:30'),(89,'9','assistant','你好呀！有什么可以帮助你的吗？😊','2026-02-04 12:41:33'),(90,'9','user','你好','2026-02-04 13:03:16'),(91,'9','assistant','你好呀！有什么可以帮助你的吗？😊','2026-02-04 13:03:17'),(92,'9','user','你好','2026-02-04 13:03:25'),(93,'9','assistant','你好呀！有什么可以帮助你的吗？😊','2026-02-04 13:03:25'),(94,'9','user','你好','2026-02-04 13:04:34'),(95,'9','assistant','你好呀！有什么可以帮助你的吗？😊','2026-02-04 13:04:36'),(96,'9','user','你好','2026-02-04 13:08:28'),(97,'9','assistant','你好呀！有什么可以帮助你的吗？😊','2026-02-04 13:08:30'),(98,'9','user','你好','2026-02-04 13:09:51'),(99,'9','assistant','你好呀！有什么可以帮助你的吗？😊','2026-02-04 13:09:52'),(100,'9','user','你好','2026-02-04 13:10:00'),(101,'9','assistant','你好呀！有什么可以帮助你的吗？😊','2026-02-04 13:10:01'),(102,'9','user','你好','2026-02-04 13:10:39'),(103,'9','assistant','你好呀！有什么可以帮助你的吗？😊','2026-02-04 13:10:39'),(104,'9','user','你好','2026-02-04 13:12:56'),(105,'9','assistant','你好呀！有什么可以帮助你的吗？😊','2026-02-04 13:12:57'),(106,'9','user','你好','2026-02-04 13:13:03'),(107,'9','assistant','你好呀！有什么可以帮助你的吗？😊','2026-02-04 13:13:06'),(108,'9','user','你好','2026-02-04 13:13:24'),(109,'9','assistant','你好呀！有什么可以帮助你的吗？😊','2026-02-04 13:13:25'),(110,'9','user','你好','2026-02-04 13:14:19'),(111,'9','assistant','你好呀！有什么可以帮助你的吗？😊','2026-02-04 13:14:20'),(112,'9','user','你好','2026-02-04 13:14:27'),(113,'9','assistant','你好呀！有什么可以帮助你的吗？😊','2026-02-04 13:14:29'),(114,'9','user','你好','2026-02-04 13:14:43'),(115,'9','assistant','你好呀！有什么可以帮助你的吗？😊','2026-02-04 13:14:44'),(116,'9','user','你好','2026-02-04 13:14:47'),(117,'9','assistant','你好呀！有什么可以帮助你的吗？😊','2026-02-04 13:14:48'),(118,'9','user','你好','2026-02-04 13:14:50'),(119,'9','assistant','你好呀！有什么可以帮助你的吗？😊','2026-02-04 13:14:51'),(120,'9','user','你好','2026-02-04 13:14:53'),(121,'9','assistant','你好呀！有什么可以帮助你的吗？😊','2026-02-04 13:14:54'),(122,'9','user','你好','2026-02-04 13:19:05'),(123,'9','assistant','你好呀！有什么可以帮助你的吗？😊','2026-02-04 13:19:06'),(124,'9','user','你好','2026-02-04 13:21:23'),(125,'9','user','你好','2026-02-04 13:21:31'),(126,'9','assistant','你好呀！有什么可以帮助你的吗？😊','2026-02-04 13:21:31'),(127,'9','user','你好','2026-02-04 13:21:36'),(128,'9','assistant','你好呀！有什么可以帮助你的吗？😊','2026-02-04 13:21:37'),(129,'9','user','你好','2026-02-04 13:23:55'),(130,'9','assistant','你好呀！有什么可以帮助你的吗？😊','2026-02-04 13:23:56'),(131,'9','user','你好','2026-02-04 13:24:03'),(132,'9','assistant','你好呀！有什么可以帮助你的吗？😊','2026-02-04 13:24:04'),(133,'9','user','你好','2026-02-04 13:24:33'),(134,'9','assistant','你好呀！有什么可以帮助你的吗？😊','2026-02-04 13:24:34'),(135,'9','user','你好','2026-02-04 13:42:29'),(136,'9','user','你好','2026-02-04 13:42:30'),(137,'9','assistant','你好呀！有什么可以帮助你的吗？😊','2026-02-04 13:42:31'),(138,'9','user','你好','2026-02-04 13:46:03'),(139,'9','assistant','你好呀！有什么可以帮助你的吗？😊','2026-02-04 13:46:06'),(140,'9','user','你好','2026-02-04 13:46:16'),(141,'9','assistant','你好呀！有什么可以帮助你的吗？😊','2026-02-04 13:46:17'),(142,'9','user','你好','2026-02-04 13:46:28'),(143,'9','assistant','你好呀！有什么可以帮助你的吗？😊','2026-02-04 13:46:29'),(144,'9','user','你好','2026-02-04 13:47:00'),(145,'9','assistant','你好呀！有什么可以帮助你的吗？😊','2026-02-04 13:47:01'),(146,'9','user','你好','2026-02-04 13:47:42'),(147,'9','assistant','你好呀！有什么可以帮助你的吗？😊','2026-02-04 13:47:44'),(148,'9','user','你好1','2026-02-04 13:48:07'),(149,'9','assistant','你好呀！😊 请告诉我你想要查询的信息是什么呢？我会根据你提供的上下文信息来帮助你的。如果信息不够的话，我也会温柔地告诉你哦~ 🌟','2026-02-04 13:48:10'),(150,'9','user','你好1','2026-02-04 13:48:21'),(151,'9','assistant','你好呀！😊 请告诉我你想要查询的信息是什么呢？我会尽力帮你从给定的上下文信息中找到答案的。但是，看起来你提供的上下文信息是空白的哦～能否请你补充一些具体内容呢？这样我才能更好地帮助到你哦！期待你的回复！✨','2026-02-04 13:48:24'),(152,'9','user','你好1','2026-02-04 13:49:50'),(153,'9','user','你好','2026-02-04 13:49:56'),(154,'9','assistant','你好呀！有什么可以帮助你的吗？😊','2026-02-04 13:49:57'),(155,'9','user','你好','2026-02-04 13:50:51'),(156,'9','assistant','你好呀！有什么可以帮助你的吗？😊','2026-02-04 13:50:52'),(157,'9','user','你好','2026-02-05 11:09:00'),(158,'9','assistant','你好呀！有什么可以帮助你的吗？😊','2026-02-05 11:09:05'),(159,'9','user','你好','2026-02-05 11:12:19'),(160,'9','assistant','你好呀！有什么可以帮助你的吗？😊','2026-02-05 11:12:20'),(161,'9','user','你好','2026-02-05 11:21:17'),(162,'9','assistant','你好呀！有什么可以帮助你的吗？😊','2026-02-05 11:21:18'),(163,'9','user','你好','2026-02-05 11:25:21'),(164,'9','assistant','你好呀！有什么可以帮助你的吗？😊','2026-02-05 11:25:23'),(165,'9','user','你好','2026-02-05 11:31:50'),(166,'9','assistant','你好呀！有什么可以帮助你的吗？😊','2026-02-05 11:31:52'),(167,'9','user','你好','2026-02-05 11:34:01'),(168,'9','assistant','你好呀！有什么可以帮助你的吗？😊','2026-02-05 11:34:03'),(169,'9','user','java岗位有哪些','2026-02-05 11:34:16'),(170,'9','assistant','嗨，找到了一些Java开发工程师的岗位信息给你参考哦！😊\n\n1. **公司**：未知（系统未提供具体公司名称）\n   - **职位**：Java开发工程师\n   - **描述**：负责后端开发\n   - **要求**：精通Java\n   - **薪资范围**：15k-30k\n   - **地点**：北京\n   - **工作类型**：全职\n   - **学历要求**：本科\n   - **经验要求**：1年\n\n2. **公司**：未知（系统未提供具体公司名称）\n   - **职位**：Java开发工程师\n   - **描述**：负责后端开发\n   - **要求**：精通Java，熟悉Spring框架\n   - **薪资范围**：15k-30k\n   - **地点**：北京\n   - **工作类型**：全职\n   - **学历要求**：本科\n   - **经验要求**：3年及以上\n\n希望这些信息对你有帮助！如果想了解更多详情或其它类型的Java相关职位，随时告诉我哈～✨','2026-02-05 11:34:26'),(171,'9','user','java岗位有什么','2026-02-05 11:40:13'),(172,'9','assistant','哇，找到了一些Java开发工程师的岗位信息给你参考哦！🌟\n\n1. **公司**：ID为1的公司\n   - **职位**：Java开发工程师\n   - **描述**：负责后端开发\n   - **要求**：精通Java\n   - **薪资范围**：15k-30k\n   - **工作地点**：北京\n   - **学历要求**：本科\n   - **经验要求**：1年\n   \n2. **公司**：ID为11的公司\n   - **职位**：Java开发工程师\n   - **描述**：负责后端开发\n   - **要求**：精通Java，熟悉Spring\n   - **薪资范围**：15k-30k\n   - **工作地点**：北京\n   - **学历要求**：本科\n   - **经验要求**：3年及以上\n\n希望这些信息对你有帮助呀！如果还想了解更多，随时告诉我哦～😊','2026-02-05 11:40:20'),(173,'9','user','你好','2026-02-05 12:00:42'),(174,'9','user','你好','2026-02-05 12:00:43'),(175,'9','assistant','你好呀！有什么可以帮助你的吗？😊','2026-02-05 12:00:46'),(176,'9','user','你好','2026-02-05 12:09:43'),(177,'9','assistant','你好呀！有什么可以帮助你的吗？😊','2026-02-05 12:09:45'),(178,'9','user','你好','2026-02-05 12:10:03'),(179,'9','assistant','你好呀！有什么可以帮助你的吗？😊','2026-02-05 12:10:05'),(180,'9','user','你好','2026-02-05 12:12:01'),(181,'9','assistant','你好呀！有什么可以帮助你的吗？😊','2026-02-05 12:12:02'),(182,'9','user','你好','2026-02-05 12:19:13'),(183,'9','assistant','你好呀！有什么可以帮助你的吗？😊','2026-02-05 12:19:16'),(184,'9','user','你好','2026-02-05 12:21:34'),(185,'9','assistant','你好呀！有什么可以帮助你的吗？😊','2026-02-05 12:21:36'),(186,'9','user','你好','2026-02-05 12:21:48'),(187,'9','assistant','你好呀！有什么可以帮到你的吗？😊','2026-02-05 12:21:49'),(188,'9','user','你好','2026-02-05 12:21:57'),(189,'9','assistant','你好呀！有什么可以帮到你的吗？😊','2026-02-05 12:21:58'),(190,'9','user','你好','2026-02-05 12:22:31'),(191,'9','assistant','你好呀！有什么可以帮助你的吗？😊','2026-02-05 12:22:33'),(192,'9','user','你好','2026-02-05 12:27:45'),(193,'9','user','你好','2026-02-05 12:27:45'),(194,'9','assistant','你好呀！有什么可以帮助你的吗？😊','2026-02-05 12:27:46'),(195,'9','assistant','你好呀！有什么可以帮助你的吗？😊','2026-02-05 12:27:46'),(196,'6','user','你好','2026-02-05 13:18:26'),(197,'6','assistant','你好呀！有什么可以帮助你的吗？😊','2026-02-05 13:18:29'),(198,'6','user','你好','2026-02-05 13:18:43'),(199,'6','assistant','你好呀！有什么可以帮助你的吗？😊','2026-02-05 13:18:44'),(200,'6','user','你好','2026-02-05 13:28:46'),(201,'6','user','你好','2026-02-05 13:29:25'),(202,'6','user','你好','2026-02-05 13:29:50'),(203,'6','assistant','你好呀！有什么可以帮助你的吗？😊','2026-02-05 13:29:52'),(204,'6','user','你好','2026-02-05 13:30:05'),(205,'6','assistant','你好呀！有什么可以帮助你的吗？😊','2026-02-05 13:30:06'),(206,'6','user','java岗位有什么','2026-02-05 13:30:29'),(207,'6','user','java岗位有什么','2026-02-05 13:30:53'),(208,'6','user','java岗位有什么','2026-02-05 13:41:00'),(209,'6','assistant','嗨，找到了一些Java开发工程师的岗位信息给你参考哦！🌟\n\n1. **职位名称**：Java开发工程师  \n   - **工作描述**：负责后端开发\n   - **要求**：精通Java\n   - **薪资范围**：15k-30k\n   - **地点**：北京\n   - **类型**：全职\n   - **学历要求**：本科\n   - **经验要求**：1年\n\n2. **职位名称**：Java开发工程师  \n   - **工作描述**：负责后端开发\n   - **要求**：精通Java，熟悉Spring\n   - **薪资范围**：15k-30k\n   - **地点**：北京\n   - **类型**：全职\n   - **学历要求**：本科\n   - **经验要求**：3年及以上\n\n希望这些信息对你有帮助啦！如果还有其他想了解的，请随时告诉我～😊','2026-02-05 13:41:12'),(210,'6','user','测试岗位有什么','2026-02-05 13:41:28'),(211,'6','assistant','我找到了一些测试相关的岗位，快来看看有没有你感兴趣的吧！😊\n\n1. **职位名称**: 测试工程师  \n   **描述**: 负责测试  \n   **要求**: 有测试经验  \n   **薪资范围**: 10k-20k  \n   **地点**: 深圳  \n   **工作类型**: 全职  \n   **学历要求**: 本科  \n   **经验要求**: 1年  \n\n2. **职位名称**: 测试工程师  \n   **描述**: 负责软件测试  \n   **要求**: 熟悉自动化测试  \n   **薪资范围**: 10k-18k  \n   **地点**: 北京  \n   **工作类型**: 全职  \n   **学历要求**: 本科  \n   **经验要求**: 2年及以上  \n\n3. **职位名称**: 测试实习生  \n   **描述**: 协助测试工作  \n   **要求**: 细心负责  \n   **薪资范围**: 3k-5k  \n   **地点**: 广州  \n   **工作类型**: 实习  \n   **学历要求**: 本科  \n   **经验要求**: 不限  \n\n希望这些信息对你有帮助哦！如果还有其他想了解的，随时告诉我～✨','2026-02-05 13:41:40'),(212,'6','user','运维岗位有什么','2026-02-05 13:48:36'),(213,'6','assistant','当然可以帮您找找关于运维岗位的信息哦！这里有几个职位，看看有没有心仪的呀✨：\n\n1. **职位**：运维工程师\n   - **描述**：负责运维1\n   - **要求**：有运维经验\n   - **薪资范围**：13k-22k\n   - **地点**：北京\n   - **类型**：全职\n   - **学历要求**：本科\n   - **经验要求**：1年\n\n2. **职位**：运维工程师\n   - **描述**：负责系统运维\n   - **要求**：熟悉Linux\n   - **薪资范围**：13k-22k\n   - **地点**：上海\n   - **类型**：全职\n   - **学历要求**：本科\n   - **经验要求**：2年及以上\n\n3. **职位**：运维实习生\n   - **描述**：协助运维工作\n   - **要求**：计算机相关专业\n   - **薪资范围**：3k-5k\n   - **地点**：北京\n   - **类型**：实习\n   - **学历要求**：本科\n   - **经验要求**：不限\n   \n希望这些信息对您有所帮助，如果需要了解更多详情或者其他类型的职位，请随时告诉我哦~ 🌟','2026-02-05 13:48:49'),(214,'6','user','java岗位有什么','2026-02-05 13:54:42'),(215,'6','assistant','找到了一些Java开发工程师的岗位信息哦，快来看看有没有你感兴趣的吧！😊\n\n1. **职位名称**：Java开发工程师  \n   - **描述**：负责后端开发\n   - **要求**：精通Java\n   - **薪资范围**：15k-30k\n   - **地点**：北京\n   - **工作类型**：全职\n   - **学历要求**：本科\n   - **经验要求**：1年\n\n2. **职位名称**：Java开发工程师  \n   - **描述**：负责后端开发\n   - **要求**：精通Java，熟悉Spring\n   - **薪资范围**：15k-30k\n   - **地点**：北京\n   - **工作类型**：全职\n   - **学历要求**：本科\n   - **经验要求**：3年及以上\n   \n希望这些信息对你有帮助啦！如果想了解更多，随时告诉我哦~ 🌟','2026-02-05 13:54:53'),(216,'6','user','运维岗位有什么','2026-02-05 14:11:49'),(217,'6','assistant','这里有一些运维岗位的信息哦，快来看看有没有你感兴趣的吧！😊\n\n| 职位名称 | 职位描述 | 要求 | 薪资范围 | 地点 | 类型 | 学历要求 | 经验要求 |\n| --- | --- | --- | --- | --- | --- | --- | --- |\n| 运维工程师 | 负责运维1 | 有运维经验 | 13k-22k | 北京 | 全职 | 本科 | 1年 |\n| 运维工程师 | 负责系统运维 | 熟悉Linux | 13k-22k | 上海 | 全职 | 本科 | 2年及以上 |\n| 运维实习生 | 协助运维工作 | 计算机相关专业 | 3k-5k | 北京 | 实习 | 本科 | 不限 |\n\n希望这些信息对你有帮助呀！如果还有其他想了解的，随时告诉我哦😉','2026-02-05 14:12:07'),(218,'6','user','java岗位有什么','2026-02-05 14:18:49'),(219,'6','assistant','我找到了一些Java开发工程师的岗位信息，给你参考一下哦~ 🌟\n\n| 职位名称 | 要求 | 薪资范围 | 地点 | 工作类型 | 学历要求 | 经验要求 |\n| --- | --- | --- | --- | --- | --- | --- |\n| Java开发工程师 | 精通Java | 15k-30k | 北京 | 全职 | 本科 | 1年 |\n| Java开发工程师 | 精通Java，熟悉Spring | 15k-30k | 北京 | 全职 | 本科 | 3年及以上 |\n\n希望这些信息对你有帮助！如果需要更多详细的信息或者其他类型的岗位，随时告诉我哦~ 😊','2026-02-05 14:19:03'),(220,'6','user','运维岗位有什么','2026-02-05 14:36:38'),(221,'6','assistant','我找到了一些运维岗位的信息，希望对你有帮助哦！😊\n\n| 职位名称 | 职位描述 | 要求 | 薪资范围 | 地点 | 职位类型 | 学历要求 | 经验要求 |\n| --- | --- | --- | --- | --- | --- | --- | --- |\n| 运维工程师 | 负责运维1 | 有运维经验 | 13k-22k | 北京 | 全职 | 本科 | 1年 |\n| 运维工程师 | 负责系统运维 | 熟悉Linux | 13k-22k | 上海 | 全职 | 本科 | 2年及以上 |\n| 运维实习生 | 协助运维工作 | 计算机相关专业 | 3k-5k | 北京 | 实习 | 本科 | 不限 |\n\n如果有其他问题或者需要更多信息，请随时告诉我哦！😉','2026-02-05 14:36:46');
/*!40000 ALTER TABLE `chat_message` ENABLE KEYS */;
UNLOCK TABLES;

--
-- Table structure for table `company_profiles`
--

DROP TABLE IF EXISTS `company_profiles`;
/*!40101 SET @saved_cs_client     = @@character_set_client */;
/*!50503 SET character_set_client = utf8mb4 */;
CREATE TABLE `company_profiles` (
  `id` bigint(20) NOT NULL AUTO_INCREMENT,
  `user_id` bigint(20) NOT NULL,
  `company_name` varchar(100) NOT NULL,
  `industry` varchar(50) DEFAULT NULL,
  `company_size` varchar(50) DEFAULT NULL,
  `location` varchar(100) DEFAULT NULL,
  `description` text,
  `logo_url` varchar(255) DEFAULT NULL,
  `website` varchar(255) DEFAULT NULL,
  `verification_status` tinyint(4) DEFAULT '0',
  `audit_status` enum('pending','approved','rejected') DEFAULT 'pending',
  `audit_reason` varchar(255) DEFAULT NULL,
  `audit_time` datetime DEFAULT NULL,
  PRIMARY KEY (`id`),
  KEY `user_id` (`user_id`),
  CONSTRAINT `company_profiles_ibfk_1` FOREIGN KEY (`user_id`) REFERENCES `users` (`id`)
) ENGINE=InnoDB AUTO_INCREMENT=33 DEFAULT CHARSET=utf8;
/*!40101 SET character_set_client = @saved_cs_client */;

--
-- Dumping data for table `company_profiles`
--

LOCK TABLES `company_profiles` WRITE;
/*!40000 ALTER TABLE `company_profiles` DISABLE KEYS */;
INSERT INTO `company_profiles` VALUES (1,6,'字节跳动','互联网','10000+','北京','知名互联网公司','1','https://www.bytedance.com',1,'pending',NULL,NULL),(2,7,'阿里巴巴','电商','10000+','杭州','中国最大电商公司','','https://www.alibaba.com',1,'pending',NULL,NULL),(3,8,'腾讯','互联网','10000+','深圳','中国领先的互联网公司','','https://www.tencent.com',1,'pending',NULL,NULL),(4,11,'百度','搜索','10000+','北京','中国搜索引擎巨头','','https://www.baidu.com',1,'pending',NULL,NULL),(5,21,'华为','通信','10000+','深圳','全球领先的ICT解决方案供应商','','https://www.huawei.com',1,'pending',NULL,NULL),(6,22,'京东','电商','10000+','北京','中国大型自营式电商','','https://www.jd.com',1,'pending',NULL,NULL),(7,23,'美团','生活服务','10000+','北京','中国领先的生活服务电子商务平台','','https://www.meituan.com',1,'pending',NULL,NULL),(8,24,'网易','互联网','10000+','杭州','中国知名互联网公司','','https://www.163.com',1,'pending',NULL,NULL),(9,25,'小米','智能硬件','10000+','北京','全球知名智能硬件公司','','https://www.mi.com',1,'pending',NULL,NULL),(10,26,'滴滴出行','出行','10000+','北京','中国领先的移动出行平台','','https://www.didiglobal.com',1,'pending',NULL,NULL),(11,31,'字节跳动','互联网','10000+','北京','中国领先的互联网科技公司','https://logo.bytedance.com/1.png','https://www.bytedance.com',1,'pending',NULL,NULL),(12,32,'阿里巴巴','电商','10000+','杭州','全球知名的电商与云计算公司','https://logo.alibaba.com/2.png','https://www.alibaba.com',1,'pending',NULL,NULL),(13,33,'腾讯','互联网','10000+','深圳','中国最大的互联网综合服务提供商','https://logo.tencent.com/3.png','https://www.tencent.com',1,'pending',NULL,NULL),(14,34,'百度','互联网','10000+','北京','中国领先的AI公司','https://logo.baidu.com/4.png','https://www.baidu.com',1,'pending',NULL,NULL),(15,35,'美团','生活服务','10000+','北京','中国领先的生活服务电子商务平台','https://logo.meituan.com/5.png','https://www.meituan.com',1,'pending',NULL,NULL),(16,36,'京东','电商','10000+','北京','中国大型综合网络零售商','https://logo.jd.com/6.png','https://www.jd.com',1,'pending',NULL,NULL),(17,37,'滴滴出行','出行','10000+','北京','中国领先的移动出行平台','https://logo.didichuxing.com/7.png','https://www.didiglobal.com',1,'pending',NULL,NULL),(18,38,'小米','智能硬件','10000+','北京','全球知名智能硬件公司','https://logo.mi.com/8.png','https://www.mi.com',1,'pending',NULL,NULL),(19,39,'快手','短视频','10000+','北京','中国领先的短视频平台','https://logo.kuaishou.com/9.png','https://www.kuaishou.com',1,'pending',NULL,NULL),(20,40,'网易','互联网','10000+','杭州','中国知名互联网公司','https://logo.netease.com/10.png','https://www.163.com',1,'pending',NULL,NULL),(21,41,'携程','旅游','10000+','上海','中国领先的在线旅行服务公司','https://logo.ctrip.com/11.png','https://www.ctrip.com',1,'pending',NULL,NULL),(22,42,'B站','视频','5000-10000','上海','中国领先的视频弹幕网站','https://logo.bilibili.com/12.png','https://www.bilibili.com',1,'pending',NULL,NULL),(23,43,'知乎','知识问答','1000-5000','北京','中国领先的知识问答社区','https://logo.zhihu.com/13.png','https://www.zhihu.com',1,'pending',NULL,NULL),(24,44,'猎聘','招聘','1000-5000','北京','知名招聘平台','https://logo.liepin.com/14.png','https://www.liepin.com',1,'pending',NULL,NULL),(25,45,'Boss直聘','招聘','1000-5000','北京','知名招聘平台','https://logo.zhipin.com/15.png','https://www.zhipin.com',1,'pending',NULL,NULL),(26,46,'同程艺龙','旅游','1000-5000','苏州','知名在线旅游平台','https://logo.ly.com/16.png','https://www.ly.com',1,'pending',NULL,NULL),(27,47,'去哪儿','旅游','1000-5000','北京','知名在线旅游平台','https://logo.qunar.com/17.png','https://www.qunar.com',1,'pending',NULL,NULL),(28,48,'携程旅行','旅游','1000-5000','上海','知名在线旅游平台','https://logo.ctrip.com/18.png','https://www.ctrip.com',1,'pending',NULL,NULL),(29,49,'贝壳找房','房产','10000+','北京','中国领先的房产服务平台','https://logo.ke.com/19.png','https://www.ke.com',1,'pending',NULL,NULL),(30,50,'安居客','房产','1000-5000','上海','知名房产信息平台','https://logo.anjuke.com/20.png','https://www.anjuke.com',0,'pending',NULL,NULL),(31,56,'未命名企业56',NULL,NULL,NULL,NULL,NULL,NULL,0,'pending',NULL,NULL),(32,57,'未命名企业57',NULL,NULL,NULL,NULL,NULL,NULL,1,'pending',NULL,NULL);
/*!40000 ALTER TABLE `company_profiles` ENABLE KEYS */;
UNLOCK TABLES;

--
-- Table structure for table `jobs`
--

DROP TABLE IF EXISTS `jobs`;
/*!40101 SET @saved_cs_client     = @@character_set_client */;
/*!50503 SET character_set_client = utf8mb4 */;
CREATE TABLE `jobs` (
  `id` bigint(20) NOT NULL AUTO_INCREMENT,
  `company_id` bigint(20) NOT NULL,
  `title` varchar(100) NOT NULL,
  `description` text,
  `requirements` text,
  `salary_range` varchar(50) DEFAULT NULL,
  `location` varchar(100) DEFAULT NULL,
  `job_type` enum('全职','兼职','实习') DEFAULT NULL,
  `education_requirement` enum('不限','专科','本科','硕士','博士') DEFAULT NULL,
  `experience_requirement` varchar(50) DEFAULT NULL,
  `status` tinyint(4) DEFAULT '1',
  `created_at` datetime DEFAULT NULL,
  `updated_at` timestamp NOT NULL DEFAULT CURRENT_TIMESTAMP ON UPDATE CURRENT_TIMESTAMP,
  PRIMARY KEY (`id`),
  KEY `company_id` (`company_id`),
  CONSTRAINT `jobs_ibfk_1` FOREIGN KEY (`company_id`) REFERENCES `company_profiles` (`id`)
) ENGINE=InnoDB AUTO_INCREMENT=33 DEFAULT CHARSET=utf8;
/*!40101 SET character_set_client = @saved_cs_client */;

--
-- Dumping data for table `jobs`
--

LOCK TABLES `jobs` WRITE;
/*!40000 ALTER TABLE `jobs` DISABLE KEYS */;
INSERT INTO `jobs` VALUES (1,1,'Java开发工程师','负责后端开发','精通Java','15k-30k','北京','全职','本科','1年',0,'2025-05-31 18:01:00','2025-12-14 09:46:54'),(2,2,'前端开发工程师','负责前端开发','精通Vue','12k-25k','杭州','全职','本科','1年',1,'2025-05-31 18:01:00','2025-05-31 10:01:00'),(3,3,'产品经理','负责产品设计','有产品经验','20k-40k','深圳','全职','本科','2年',1,'2025-05-31 18:01:00','2025-05-31 10:01:00'),(4,4,'算法工程师','负责算法研发','精通算法','25k-50k','北京','全职','硕士','2年',1,'2025-05-31 18:01:00','2025-05-31 10:01:00'),(5,5,'测试工程师','负责测试','有测试经验','10k-20k','深圳','全职','本科','1年',1,'2025-05-31 18:01:00','2025-05-31 10:01:00'),(6,6,'运维工程师','负责运维1','有运维经验','13k-22k','北京','全职','本科','1年',1,'2025-05-31 18:01:00','2025-06-02 14:33:44'),(7,7,'数据分析师','负责数据分析','精通数据分析','18k-35k','杭州','全职','硕士','2年',1,'2025-05-31 18:01:00','2025-05-31 10:01:00'),(8,8,'UI设计师','负责UI设计','有设计经验','12k-20k','北京','全职','本科','1年',1,'2025-05-31 18:01:00','2025-05-31 10:01:00'),(9,9,'市场专员','负责市场推广','有市场经验','8k-15k','北京','全职','本科','1年',1,'2025-05-31 18:01:00','2025-05-31 10:01:00'),(10,10,'人力资源','负责HR相关工作','有HR经验','10k-18k','深圳','全职','本科','1年',1,'2025-05-31 18:01:00','2025-05-31 10:01:00'),(11,11,'Java开发工程师','负责后端开发','精通Java，熟悉Spring','15k-30k','北京','全职','本科','3年及以上',1,'2025-06-02 11:33:08','2025-06-02 03:33:08'),(12,12,'前端开发工程师','负责Web前端开发','熟悉Vue/React','12k-25k','上海','全职','本科','2年及以上',1,'2025-06-02 11:33:08','2025-06-02 03:33:08'),(13,13,'产品经理','负责产品设计与需求分析','有互联网产品经验','18k-35k','深圳','全职','本科','3年及以上',1,'2025-06-02 11:33:08','2025-06-02 03:33:08'),(14,14,'UI设计师','负责界面设计','有美术基础','10k-20k','广州','全职','本科','1年及以上',1,'2025-06-02 11:33:08','2025-06-02 03:33:08'),(15,15,'测试工程师','负责软件测试','熟悉自动化测试','10k-18k','北京','全职','本科','2年及以上',1,'2025-06-02 11:33:08','2025-06-02 03:33:08'),(16,16,'运维工程师','负责系统运维','熟悉Linux','13k-22k','上海','全职','本科','2年及以上',1,'2025-06-02 11:33:08','2025-06-02 03:33:08'),(17,17,'数据分析师','负责数据分析','熟悉SQL和Python','15k-28k','北京','全职','硕士','1年及以上',1,'2025-06-02 11:33:08','2025-06-02 03:33:08'),(18,18,'市场专员','负责市场推广','有市场推广经验','8k-15k','深圳','全职','本科','1年及以上',1,'2025-06-02 11:33:08','2025-06-02 03:33:08'),(19,19,'人力资源专员','负责招聘与员工管理','有人力资源经验','9k-16k','北京','全职','本科','1年及以上',1,'2025-06-02 11:33:08','2025-06-02 03:33:08'),(20,20,'销售经理','负责销售团队管理','有销售管理经验','20k-40k','上海','全职','本科','3年及以上',1,'2025-06-02 11:33:08','2025-06-02 03:33:08'),(21,21,'C++开发工程师','负责C++相关开发','精通C++','16k-32k','北京','全职','本科','2年及以上',1,'2025-06-02 11:33:08','2025-06-02 03:33:08'),(22,22,'Python开发工程师','负责Python开发','精通Python','15k-30k','上海','全职','本科','2年及以上',1,'2025-06-02 11:33:08','2025-06-02 03:33:08'),(23,23,'算法工程师','负责算法设计与实现','有算法竞赛经验','20k-40k','深圳','全职','硕士','1年及以上',1,'2025-06-02 11:33:08','2025-06-02 03:33:08'),(24,24,'数据挖掘工程师','负责数据挖掘','熟悉数据挖掘算法','18k-36k','北京','全职','硕士','2年及以上',1,'2025-06-02 11:33:08','2025-06-02 03:33:08'),(25,25,'Android开发工程师','负责Android开发','熟悉Android SDK','14k-28k','广州','全职','本科','2年及以上',1,'2025-06-02 11:33:08','2025-06-02 03:33:08'),(26,26,'iOS开发工程师','负责iOS开发','熟悉iOS SDK','14k-28k','上海','全职','本科','2年及以上',1,'2025-06-02 11:33:08','2025-06-02 03:33:08'),(27,27,'运维实习生','协助运维工作','计算机相关专业','3k-5k','北京','实习','本科','不限',1,'2025-06-02 11:33:08','2025-06-02 03:33:08'),(28,28,'前端实习生','协助前端开发','计算机相关专业','3k-5k','上海','实习','本科','不限',1,'2025-06-02 11:33:08','2025-06-02 03:33:08'),(29,29,'产品实习生','协助产品经理','有较强沟通能力','3k-5k','深圳','实习','本科','不限',1,'2025-06-02 11:33:08','2025-06-02 03:33:08'),(30,30,'测试实习生','协助测试工作','细心负责','3k-5k','广州','实习','本科','不限',1,'2025-06-02 11:33:08','2025-06-02 03:33:08'),(31,1,'前端','会vue',NULL,'10k+','西安',NULL,NULL,NULL,1,NULL,'2025-06-05 14:25:59'),(32,1,'go','',NULL,'10k-12k','北京',NULL,NULL,NULL,1,NULL,'2025-12-14 09:49:02');
/*!40000 ALTER TABLE `jobs` ENABLE KEYS */;
UNLOCK TABLES;

--
-- Table structure for table `notifications`
--

DROP TABLE IF EXISTS `notifications`;
/*!40101 SET @saved_cs_client     = @@character_set_client */;
/*!50503 SET character_set_client = utf8mb4 */;
CREATE TABLE `notifications` (
  `id` bigint(20) NOT NULL AUTO_INCREMENT,
  `receiver_id` bigint(20) NOT NULL,
  `sender_id` bigint(20) DEFAULT NULL,
  `application_id` bigint(20) DEFAULT NULL,
  `type` char(20) NOT NULL DEFAULT '反馈',
  `content` text NOT NULL,
  `is_read` tinyint(4) DEFAULT '0',
  `created_at` datetime DEFAULT NULL,
  `updated_at` timestamp NOT NULL DEFAULT CURRENT_TIMESTAMP ON UPDATE CURRENT_TIMESTAMP,
  PRIMARY KEY (`id`),
  KEY `receiver_id` (`receiver_id`),
  KEY `sender_id` (`sender_id`),
  KEY `application_id` (`application_id`),
  CONSTRAINT `notifications_ibfk_1` FOREIGN KEY (`receiver_id`) REFERENCES `users` (`id`),
  CONSTRAINT `notifications_ibfk_2` FOREIGN KEY (`sender_id`) REFERENCES `users` (`id`),
  CONSTRAINT `notifications_ibfk_3` FOREIGN KEY (`application_id`) REFERENCES `applications` (`id`)
) ENGINE=InnoDB AUTO_INCREMENT=32 DEFAULT CHARSET=utf8;
/*!40101 SET character_set_client = @saved_cs_client */;

--
-- Dumping data for table `notifications`
--

LOCK TABLES `notifications` WRITE;
/*!40000 ALTER TABLE `notifications` DISABLE KEYS */;
INSERT INTO `notifications` VALUES (22,6,1,28,'简历投递','张三向贵公司【字节跳动】的岗位【前端】投递了简历。',1,'2025-06-07 16:30:51','2025-06-07 08:31:25'),(23,1,6,28,'面试邀请','【字节跳动】的职位【前端】邀请你进行面试，请尽快回复。',1,'2025-06-07 16:31:34','2025-06-07 08:31:59'),(24,1,6,28,'反馈','【字节跳动】的职位【前端】已通过你的简历，请等待后续通知。',1,'2025-06-07 16:37:21','2025-06-07 08:37:21'),(25,6,1,28,'学生已读','学生张三已读了你给他发送的反馈消息。',1,'2025-06-07 16:39:05','2025-06-07 08:39:05'),(26,1,6,28,'offer','【字节跳动】的职位【前端】向你发送了offer！',1,'2025-11-14 21:46:19','2025-11-14 13:46:19'),(27,6,1,28,'学生已读','学生张三已读了你给他发送的offer消息。',1,'2025-11-14 21:48:08','2025-11-14 13:48:08'),(28,37,1,29,'简历投递','张三向贵公司【滴滴出行】的岗位【数据分析师】投递了简历。',0,'2025-12-17 15:28:02','2025-12-17 07:28:02'),(29,1,37,29,'面试邀请','【滴滴出行】的职位【数据分析师】邀请你进行面试，请尽快回复。',1,'2025-12-17 15:30:00','2025-12-17 07:30:00'),(30,37,1,29,'学生已读','学生张三已读了你给他发送的面试邀请消息。',0,'2025-12-17 15:30:10','2025-12-17 07:30:10'),(31,35,1,30,'简历投递','张三向贵公司【美团】的岗位【测试工程师】投递了简历。',0,'2026-02-04 19:46:14','2026-02-04 11:46:14');
/*!40000 ALTER TABLE `notifications` ENABLE KEYS */;
UNLOCK TABLES;

--
-- Table structure for table `rag_document_mappings`
--

DROP TABLE IF EXISTS `rag_document_mappings`;
/*!40101 SET @saved_cs_client     = @@character_set_client */;
/*!50503 SET character_set_client = utf8mb4 */;
CREATE TABLE `rag_document_mappings` (
  `id` bigint(20) NOT NULL AUTO_INCREMENT COMMENT '主键ID',
  `file_id` bigint(20) NOT NULL COMMENT '文件ID（关联 rag_files 表）',
  `document_id` varchar(255) COLLATE utf8mb4_unicode_ci NOT NULL COMMENT '向量数据库中的文档ID',
  `created_at` datetime DEFAULT NULL COMMENT '记录创建时间',
  PRIMARY KEY (`id`),
  KEY `idx_file_id` (`file_id`),
  KEY `idx_document_id` (`document_id`(191)),
  KEY `idx_created_at` (`created_at`)
) ENGINE=InnoDB AUTO_INCREMENT=11 DEFAULT CHARSET=utf8mb4 COLLATE=utf8mb4_unicode_ci COMMENT='RAG文档映射表：记录原始文件与向量数据库中文档片段的对应关系';
/*!40101 SET character_set_client = @saved_cs_client */;

--
-- Dumping data for table `rag_document_mappings`
--

LOCK TABLES `rag_document_mappings` WRITE;
/*!40000 ALTER TABLE `rag_document_mappings` DISABLE KEYS */;
INSERT INTO `rag_document_mappings` VALUES (1,3,'file_72c34579-2a79-47b1-aa20-2809144acffe_part_0',NULL),(2,4,'file_9b661d82-067b-48f8-ac6c-2c9865cf7239_part_0',NULL),(4,6,'file_40f3ffe0-bbbf-476d-b5fc-74ca021ff9b7_part_0',NULL),(5,6,'file_40f3ffe0-bbbf-476d-b5fc-74ca021ff9b7_part_1',NULL),(6,6,'file_40f3ffe0-bbbf-476d-b5fc-74ca021ff9b7_part_2',NULL),(7,6,'file_40f3ffe0-bbbf-476d-b5fc-74ca021ff9b7_part_3',NULL),(8,6,'file_40f3ffe0-bbbf-476d-b5fc-74ca021ff9b7_part_4',NULL),(9,6,'file_40f3ffe0-bbbf-476d-b5fc-74ca021ff9b7_part_5',NULL),(10,6,'file_40f3ffe0-bbbf-476d-b5fc-74ca021ff9b7_part_6',NULL);
/*!40000 ALTER TABLE `rag_document_mappings` ENABLE KEYS */;
UNLOCK TABLES;

--
-- Table structure for table `rag_files`
--

DROP TABLE IF EXISTS `rag_files`;
/*!40101 SET @saved_cs_client     = @@character_set_client */;
/*!50503 SET character_set_client = utf8mb4 */;
CREATE TABLE `rag_files` (
  `id` bigint(20) NOT NULL AUTO_INCREMENT COMMENT '主键ID',
  `filename` varchar(255) NOT NULL COMMENT '原始文件名',
  `stored_filename` varchar(255) NOT NULL COMMENT '存储的文件名（带扩展名）',
  `file_path` varchar(500) NOT NULL COMMENT '文件存储路径',
  `file_size` bigint(20) NOT NULL COMMENT '文件大小（字节）',
  `file_type` varchar(50) NOT NULL COMMENT '文件类型（扩展名）',
  `upload_user_id` bigint(20) NOT NULL COMMENT '上传用户ID',
  `chunk_count` int(11) DEFAULT '0' COMMENT '文档切片数量',
  `status` tinyint(4) DEFAULT '1' COMMENT '状态：1-正常，0-已删除',
  `created_at` datetime DEFAULT NULL COMMENT '创建时间',
  `updated_at` datetime DEFAULT NULL COMMENT '更新时间',
  PRIMARY KEY (`id`),
  KEY `idx_upload_user_id` (`upload_user_id`),
  KEY `idx_file_type` (`file_type`),
  KEY `idx_created_at` (`created_at`)
) ENGINE=InnoDB AUTO_INCREMENT=7 DEFAULT CHARSET=utf8mb4 COMMENT='RAG文件管理表';
/*!40101 SET character_set_client = @saved_cs_client */;

--
-- Dumping data for table `rag_files`
--

LOCK TABLES `rag_files` WRITE;
/*!40000 ALTER TABLE `rag_files` DISABLE KEYS */;
INSERT INTO `rag_files` VALUES (1,'start.txt','0e558fea-a825-466a-a9ee-a77ff4504a01.txt','uploads\\0e558fea-a825-466a-a9ee-a77ff4504a01.txt',364,'.txt',9,1,0,'2026-01-31 17:29:02','2026-01-31 17:30:55'),(3,'start.txt','6fa48514-699c-43dd-9ebe-b70cb2cf4a9d.txt','uploads\\6fa48514-699c-43dd-9ebe-b70cb2cf4a9d.txt',364,'.txt',9,1,0,'2026-01-31 17:42:18','2026-01-31 17:43:20'),(4,'start.txt','100348dd-9c72-489f-8c6a-4cf55daf3d4f.txt','uploads\\100348dd-9c72-489f-8c6a-4cf55daf3d4f.txt',364,'.txt',9,1,0,'2026-01-31 17:45:50','2026-01-31 17:45:57'),(5,'start.txt','c75668d2-5bd4-4867-a968-35db6ac2858c.txt','uploads\\c75668d2-5bd4-4867-a968-35db6ac2858c.txt',364,'.txt',9,1,0,'2026-01-31 17:51:22','2026-01-31 17:51:39'),(6,'校园招聘平台核心使用知识库(浓缩版).txt','ef18b652-3069-4f6c-9c83-e3584377bdd2.txt','uploads\\ef18b652-3069-4f6c-9c83-e3584377bdd2.txt',3245,'.txt',9,7,1,'2026-02-04 19:57:42','2026-02-04 19:57:42');
/*!40000 ALTER TABLE `rag_files` ENABLE KEYS */;
UNLOCK TABLES;

--
-- Table structure for table `resumes`
--

DROP TABLE IF EXISTS `resumes`;
/*!40101 SET @saved_cs_client     = @@character_set_client */;
/*!50503 SET character_set_client = utf8mb4 */;
CREATE TABLE `resumes` (
  `id` bigint(20) NOT NULL AUTO_INCREMENT,
  `student_id` bigint(20) NOT NULL,
  `title` varchar(100) DEFAULT NULL,
  `content` text,
  `template_id` int(11) DEFAULT NULL,
  `status` tinyint(4) DEFAULT '1',
  `created_at` datetime DEFAULT NULL,
  `updated_at` timestamp NOT NULL DEFAULT CURRENT_TIMESTAMP ON UPDATE CURRENT_TIMESTAMP,
  PRIMARY KEY (`id`),
  KEY `student_id` (`student_id`),
  CONSTRAINT `resumes_ibfk_1` FOREIGN KEY (`student_id`) REFERENCES `student_profiles` (`id`)
) ENGINE=InnoDB AUTO_INCREMENT=12 DEFAULT CHARSET=utf8;
/*!40101 SET character_set_client = @saved_cs_client */;

--
-- Dumping data for table `resumes`
--

LOCK TABLES `resumes` WRITE;
/*!40000 ALTER TABLE `resumes` DISABLE KEYS */;
INSERT INTO `resumes` VALUES (1,1,'张三-后端简历','精通Java、Spring Boot',1,1,'2025-06-03 18:01:13','2025-06-07 08:12:58'),(2,2,'李四-前端简历','精通Vue、React',1,1,'2025-05-31 18:01:13','2025-05-31 10:01:13'),(3,3,'王五-算法简历','AI算法、机器学习',2,1,'2025-05-31 18:01:13','2025-05-31 10:01:13'),(4,4,'赵六-安全简历','网络安全、渗透测试',2,1,'2025-05-31 18:01:13','2025-05-31 10:01:13'),(5,5,'钱七-硬件简历','嵌入式开发',1,1,'2025-05-31 18:01:13','2025-05-31 10:01:13'),(6,6,'孙八-物联网简历','IoT开发',1,1,'2025-05-31 18:01:13','2025-05-31 10:01:13'),(7,7,'周九-通信简历','5G通信',2,1,'2025-05-31 18:01:13','2025-05-31 10:01:13'),(8,8,'吴十-大数据简历','Hadoop、Spark',2,1,'2025-05-31 18:01:13','2025-05-31 10:01:13'),(9,9,'郑十一-网络简历','网络运维',1,1,'2025-05-31 18:01:13','2025-05-31 10:01:13'),(10,10,'冯十二-自动化简历','自动化控制',1,1,'2025-05-31 18:01:13','2025-05-31 10:01:13'),(11,1,'java开发','111111',NULL,1,NULL,'2025-12-17 07:21:09');
/*!40000 ALTER TABLE `resumes` ENABLE KEYS */;
UNLOCK TABLES;

--
-- Table structure for table `student_profiles`
--

DROP TABLE IF EXISTS `student_profiles`;
/*!40101 SET @saved_cs_client     = @@character_set_client */;
/*!50503 SET character_set_client = utf8mb4 */;
CREATE TABLE `student_profiles` (
  `id` bigint(20) NOT NULL AUTO_INCREMENT,
  `user_id` bigint(20) NOT NULL,
  `real_name` varchar(50) DEFAULT NULL,
  `gender` enum('male','female','other') DEFAULT NULL,
  `birth_date` date DEFAULT NULL,
  `university` varchar(100) DEFAULT NULL,
  `major` varchar(100) DEFAULT NULL,
  `education` enum('专科','本科','硕士','博士') DEFAULT NULL,
  `graduation_year` year(4) DEFAULT NULL,
  `skills` text,
  `introduction` text,
  PRIMARY KEY (`id`),
  KEY `user_id` (`user_id`),
  CONSTRAINT `student_profiles_ibfk_1` FOREIGN KEY (`user_id`) REFERENCES `users` (`id`)
) ENGINE=InnoDB AUTO_INCREMENT=14 DEFAULT CHARSET=utf8;
/*!40101 SET character_set_client = @saved_cs_client */;

--
-- Dumping data for table `student_profiles`
--

LOCK TABLES `student_profiles` WRITE;
/*!40000 ALTER TABLE `student_profiles` DISABLE KEYS */;
INSERT INTO `student_profiles` VALUES (1,1,'张三','male','2000-01-01','清华大学','计算机','本科',2022,'Java,Python','热爱编程'),(2,2,'李四','female','2001-02-02','北京大学','软件工程','本科',2023,'C++,JavaScript','喜欢算法'),(3,3,'王五','male','2002-03-03','复旦大学','人工智能','硕士',2024,'AI,机器学习','AI达人'),(4,4,'赵六','female','2000-04-04','上海交通大学','信息安全','本科',2022,'安全,渗透','安全专家'),(5,5,'钱七','male','2001-05-05','浙江大学','电子信息','本科',2023,'嵌入式,硬件','硬件极客'),(6,13,'孙八','male','2000-06-06','南京大学','物联网','本科',2022,'IoT,传感器','物联网爱好者'),(7,14,'周九','female','2001-07-07','武汉大学','通信工程','本科',2023,'通信,5G','通信达人'),(8,15,'吴十','male','2002-08-08','中山大学','大数据','硕士',2024,'大数据,Hadoop','数据分析师'),(9,16,'郑十一','female','2000-09-09','厦门大学','网络工程','本科',2022,'网络,运维','网络专家'),(10,17,'冯十二','male','2001-10-10','山东大学','自动化','本科',2023,'自动化,控制','自动化工程师'),(11,18,'张小明','male','2000-05-15','北京大学','计算机科学与技术','本科',2023,'Java, Python, MySQL','热爱编程，擅长算法设计，有实习经验。'),(12,19,'李华','male','1999-11-22','清华大学','软件工程','硕士',2024,'C++, Linux, 深度学习','研究方向为人工智能，发表过2篇论文。'),(13,20,'王芳','female','2001-03-08','复旦大学','数据科学','本科',2023,'Python, R, 数据分析','对大数据处理有浓厚兴趣。');
/*!40000 ALTER TABLE `student_profiles` ENABLE KEYS */;
UNLOCK TABLES;

--
-- Table structure for table `users`
--

DROP TABLE IF EXISTS `users`;
/*!40101 SET @saved_cs_client     = @@character_set_client */;
/*!50503 SET character_set_client = utf8mb4 */;
CREATE TABLE `users` (
  `id` bigint(20) NOT NULL AUTO_INCREMENT,
  `username` varchar(50) NOT NULL,
  `password` varchar(255) NOT NULL,
  `email` varchar(100) NOT NULL,
  `phone` varchar(20) DEFAULT NULL,
  `role` enum('student','company','admin') NOT NULL,
  `status` tinyint(4) DEFAULT '1',
  `created_at` datetime DEFAULT NULL,
  `updated_at` timestamp NOT NULL DEFAULT CURRENT_TIMESTAMP ON UPDATE CURRENT_TIMESTAMP,
  `avatar` varchar(255) DEFAULT NULL COMMENT '头像',
  PRIMARY KEY (`id`),
  UNIQUE KEY `idx_username` (`username`)
) ENGINE=InnoDB AUTO_INCREMENT=58 DEFAULT CHARSET=utf8;
/*!40101 SET character_set_client = @saved_cs_client */;

--
-- Dumping data for table `users`
--

LOCK TABLES `users` WRITE;
/*!40000 ALTER TABLE `users` DISABLE KEYS */;
INSERT INTO `users` VALUES (1,'234234','$2a$10$bhsLqk03s8hgHVmbf6CUHOyop7zgLM4kd1CLk4Cas/B4Bowoyulh.','student1@example.com','1111111111','student',1,'2025-05-31 18:00:06','2026-02-04 11:47:08','4a7a574f-5089-4db8-9527-531d12964bd9.jpg'),(2,'345345','$2a$10$VOHEH.WMquSmdFk4bxoTe.D5Z9bww8.faLzaHGS2D0vOLuL05tXh6','student2@example.com','1111111112','student',1,'2025-05-31 18:00:06','2026-02-06 11:52:13',NULL),(3,'student33','$2a$10$bhsLqk03s8hgHVmbf6CUHOyop7zgLM4kd1CLk4Cas/B4Bowoyulh.','student3@example.com','1111111113','student',1,'2025-05-31 18:00:06','2026-02-02 13:25:03',NULL),(4,'student44','$2a$10$bhsLqk03s8hgHVmbf6CUHOyop7zgLM4kd1CLk4Cas/B4Bowoyulh.','student4@example.com','1111111114','student',1,'2025-05-31 18:00:06','2026-02-02 13:25:20',NULL),(5,'student55','$2a$10$bhsLqk03s8hgHVmbf6CUHOyop7zgLM4kd1CLk4Cas/B4Bowoyulh.','student5@example.com','1111111115','student',1,'2025-05-31 18:00:06','2026-02-02 13:25:26',NULL),(6,'123123','$2a$10$bhsLqk03s8hgHVmbf6CUHOyop7zgLM4kd1CLk4Cas/B4Bowoyulh.','company1@example.com','2222222221','company',1,'2025-05-31 18:00:06','2026-02-03 13:45:46','f88faea3-5481-483d-9744-5a4687340052.jpg'),(7,'company2','$2a$10$bhsLqk03s8hgHVmbf6CUHOyop7zgLM4kd1CLk4Cas/B4Bowoyulh.','company2@example.com','2222222222','company',1,'2025-05-31 18:00:06','2025-05-31 15:13:26',NULL),(8,'company31','$2a$10$bhsLqk03s8hgHVmbf6CUHOyop7zgLM4kd1CLk4Cas/B4Bowoyulh.','company3@example.com','2222222223','company',1,'2025-05-31 18:00:06','2026-02-02 13:24:35',NULL),(9,'admin','$2a$10$bhsLqk03s8hgHVmbf6CUHOyop7zgLM4kd1CLk4Cas/B4Bowoyulh.','admin1@example.com','3333333331','admin',1,'2025-05-31 18:00:06','2025-05-31 15:13:34',NULL),(10,'admin22','$2a$10$bhsLqk03s8hgHVmbf6CUHOyop7zgLM4kd1CLk4Cas/B4Bowoyulh.','admin2@example.com','3333333332','admin',1,'2025-05-31 18:00:06','2026-02-02 13:25:51',NULL),(11,'aaa','$2a$10$AuuSORVt6qPlsqAbB3Nf0eBagc1jz.4gy/yrEmfmzzdwUPjk29tuu','3118657467@qq.com',NULL,'company',0,'2025-06-06 00:46:51','2025-06-05 16:56:50',NULL),(13,'student1','$2a$10$bhsLqk03s8hgHVmbf6CUHOyop7zgLM4kd1CLk4Cas/B4Bowoyulh.','student1@example.com','1111111111','student',1,'2025-06-02 20:59:18','2025-06-02 13:08:39',NULL),(14,'student2','$2a$10$bhsLqk03s8hgHVmbf6CUHOyop7zgLM4kd1CLk4Cas/B4Bowoyulh.','student2@example.com','1111111112','student',1,'2025-06-02 20:59:18','2025-06-02 13:08:39',NULL),(15,'student3','$2a$10$bhsLqk03s8hgHVmbf6CUHOyop7zgLM4kd1CLk4Cas/B4Bowoyulh.','student3@example.com','1111111113','student',1,'2025-06-02 20:59:18','2025-06-02 13:08:39',NULL),(16,'student4','$2a$10$bhsLqk03s8hgHVmbf6CUHOyop7zgLM4kd1CLk4Cas/B4Bowoyulh.','student4@example.com','1111111114','student',1,'2025-06-02 20:59:18','2025-06-02 13:08:39',NULL),(17,'student5','$2a$10$bhsLqk03s8hgHVmbf6CUHOyop7zgLM4kd1CLk4Cas/B4Bowoyulh.','student5@example.com','1111111115','student',1,'2025-06-02 20:59:18','2025-06-02 13:08:39',NULL),(18,'student6','$2a$10$bhsLqk03s8hgHVmbf6CUHOyop7zgLM4kd1CLk4Cas/B4Bowoyulh.','student6@example.com','1111111116','student',1,'2025-06-02 20:59:18','2025-06-02 13:08:39',NULL),(19,'student7','$2a$10$bhsLqk03s8hgHVmbf6CUHOyop7zgLM4kd1CLk4Cas/B4Bowoyulh.','student7@example.com','1111111117','student',1,'2025-06-02 20:59:18','2025-06-02 13:08:39',NULL),(20,'student8','$2a$10$bhsLqk03s8hgHVmbf6CUHOyop7zgLM4kd1CLk4Cas/B4Bowoyulh.','student8@example.com','1111111118','student',1,'2025-06-02 20:59:18','2025-06-02 13:08:39',NULL),(21,'company1','$2a$10$bhsLqk03s8hgHVmbf6CUHOyop7zgLM4kd1CLk4Cas/B4Bowoyulh.','company1@example.com','2222222221','company',1,'2025-06-02 20:59:18','2025-06-02 13:08:39',NULL),(22,'company22','$2a$10$bhsLqk03s8hgHVmbf6CUHOyop7zgLM4kd1CLk4Cas/B4Bowoyulh.','company2@example.com','2222222222','company',1,'2025-06-02 20:59:18','2026-02-02 13:24:18',NULL),(23,'company3','$2a$10$bhsLqk03s8hgHVmbf6CUHOyop7zgLM4kd1CLk4Cas/B4Bowoyulh.','company3@example.com','2222222223','company',1,'2025-06-02 20:59:18','2025-06-02 13:08:39',NULL),(24,'company4','$2a$10$bhsLqk03s8hgHVmbf6CUHOyop7zgLM4kd1CLk4Cas/B4Bowoyulh.','company4@example.com','2222222224','company',1,'2025-06-02 20:59:18','2025-06-02 13:08:39',NULL),(25,'company5','$2a$10$bhsLqk03s8hgHVmbf6CUHOyop7zgLM4kd1CLk4Cas/B4Bowoyulh.','company5@example.com','2222222225','company',1,'2025-06-02 20:59:18','2025-06-02 13:08:39',NULL),(26,'company6','$2a$10$bhsLqk03s8hgHVmbf6CUHOyop7zgLM4kd1CLk4Cas/B4Bowoyulh.','company6@example.com','2222222226','company',1,'2025-06-02 20:59:18','2025-06-02 13:08:39',NULL),(27,'admin1','$2a$10$bhsLqk03s8hgHVmbf6CUHOyop7zgLM4kd1CLk4Cas/B4Bowoyulh.','admin1@example.com','3333333331','admin',1,'2025-06-02 20:59:18','2025-06-02 13:08:39',NULL),(28,'admin2','$2a$10$bhsLqk03s8hgHVmbf6CUHOyop7zgLM4kd1CLk4Cas/B4Bowoyulh.','admin2@example.com','3333333332','admin',1,'2025-06-02 20:59:18','2025-06-02 13:08:39',NULL),(29,'admin3','$2a$10$bhsLqk03s8hgHVmbf6CUHOyop7zgLM4kd1CLk4Cas/B4Bowoyulh.','admin3@example.com','3333333333','admin',1,'2025-06-02 20:59:18','2025-06-02 13:08:39',NULL),(30,'admin4','$2a$10$bhsLqk03s8hgHVmbf6CUHOyop7zgLM4kd1CLk4Cas/B4Bowoyulh.','admin4@example.com','3333333334','admin',1,'2025-06-02 20:59:18','2025-06-02 13:08:39',NULL),(31,'tech_solutions','$2a$10$bhsLqk03s8hgHVmbf6CUHOyop7zgLM4kd1CLk4Cas/B4Bowoyulh.','contact@techsolutions.com','13800138001','company',1,'2025-06-02 21:07:04','2025-06-02 13:08:39',NULL),(32,'green_energy','$2a$10$bhsLqk03s8hgHVmbf6CUHOyop7zgLM4kd1CLk4Cas/B4Bowoyulh.','info@greenenergy.com','13800138002','company',1,'2025-06-02 21:07:04','2025-06-02 13:08:39',NULL),(33,'global_finance','$2a$10$bhsLqk03s8hgHVmbf6CUHOyop7zgLM4kd1CLk4Cas/B4Bowoyulh.','support@globalfinance.com','13800138003','company',1,'2025-06-02 21:07:04','2025-06-02 13:08:39',NULL),(34,'creative_design','$2a$10$bhsLqk03s8hgHVmbf6CUHOyop7zgLM4kd1CLk4Cas/B4Bowoyulh.','hello@creativedesign.com','13800138004','company',1,'2025-06-02 21:07:04','2025-06-02 13:08:39',NULL),(35,'health_care','$2a$10$bhsLqk03s8hgHVmbf6CUHOyop7zgLM4kd1CLk4Cas/B4Bowoyulh.','service@healthcare.com','13800138005','company',1,'2025-06-02 21:07:04','2025-06-02 13:08:39',NULL),(36,'logistics_pro','$2a$10$bhsLqk03s8hgHVmbf6CUHOyop7zgLM4kd1CLk4Cas/B4Bowoyulh.','contact@logisticspro.com','13800138006','company',1,'2025-06-02 21:07:04','2025-06-02 13:08:39',NULL),(37,'edu_connect','$2a$10$bhsLqk03s8hgHVmbf6CUHOyop7zgLM4kd1CLk4Cas/B4Bowoyulh.','info@educonnect.com','13800138007','company',1,'2025-06-02 21:07:04','2025-06-02 13:08:39',NULL),(38,'food_express','$2a$10$bhsLqk03s8hgHVmbf6CUHOyop7zgLM4kd1CLk4Cas/B4Bowoyulh.','support@foodexpress.com','13800138008','company',1,'2025-06-02 21:07:04','2025-06-02 13:08:39',NULL),(39,'smart_home','$2a$10$bhsLqk03s8hgHVmbf6CUHOyop7zgLM4kd1CLk4Cas/B4Bowoyulh.','sales@smarthome.com','13800138009','company',1,'2025-06-02 21:07:04','2025-06-02 13:08:39',NULL),(40,'travel_agency','$2a$10$bhsLqk03s8hgHVmbf6CUHOyop7zgLM4kd1CLk4Cas/B4Bowoyulh.','book@travelagency.com','13800138010','company',1,'2025-06-02 21:07:04','2025-06-02 13:08:39',NULL),(41,'ai_innovations','$2a$10$bhsLqk03s8hgHVmbf6CUHOyop7zgLM4kd1CLk4Cas/B4Bowoyulh.','contact@aiinnovations.com','13800138011','company',1,'2025-06-02 21:07:04','2025-06-02 13:08:39',NULL),(42,'eco_builders','$2a$10$bhsLqk03s8hgHVmbf6CUHOyop7zgLM4kd1CLk4Cas/B4Bowoyulh.','info@ecobuilders.com','13800138012','company',1,'2025-06-02 21:07:04','2025-06-02 13:08:39',NULL),(43,'digital_marketing','$2a$10$bhsLqk03s8hgHVmbf6CUHOyop7zgLM4kd1CLk4Cas/B4Bowoyulh.','team@digitalmarketing.com','13800138013','company',1,'2025-06-02 21:07:04','2025-06-02 13:08:39',NULL),(44,'auto_masters','$2a$10$bhsLqk03s8hgHVmbf6CUHOyop7zgLM4kd1CLk4Cas/B4Bowoyulh.','service@automasters.com','13800138014','company',1,'2025-06-02 21:07:04','2025-06-02 13:08:39',NULL),(45,'fashion_hub','$2a$10$bhsLqk03s8hgHVmbf6CUHOyop7zgLM4kd1CLk4Cas/B4Bowoyulh.','support@fashionhub.com','13800138015','company',1,'2025-06-02 21:07:04','2025-06-02 13:08:39',NULL),(46,'cloud_services','$2a$10$bhsLqk03s8hgHVmbf6CUHOyop7zgLM4kd1CLk4Cas/B4Bowoyulh.','help@cloudservices.com','13800138016','company',1,'2025-06-02 21:07:04','2025-06-02 13:08:39',NULL),(47,'security_systems','$2a$10$bhsLqk03s8hgHVmbf6CUHOyop7zgLM4kd1CLk4Cas/B4Bowoyulh.','sales@securitysystems.com','13800138017','company',1,'2025-06-02 21:07:04','2025-06-02 13:08:39',NULL),(48,'media_production','$2a$10$bhsLqk03s8hgHVmbf6CUHOyop7zgLM4kd1CLk4Cas/B4Bowoyulh.','contact@mediaproduction.com','13800138018','company',1,'2025-06-02 21:07:04','2025-06-02 13:08:39',NULL),(49,'sports_gear','$2a$10$bhsLqk03s8hgHVmbf6CUHOyop7zgLM4kd1CLk4Cas/B4Bowoyulh.','info@sportsgear.com','13800138019','company',1,'2025-06-02 21:07:04','2025-06-02 13:08:39',NULL),(50,'consulting_group','$2a$10$bhsLqk03s8hgHVmbf6CUHOyop7zgLM4kd1CLk4Cas/B4Bowoyulh.','enquiry@consultinggroup.com','13800138020','company',1,'2025-06-02 21:07:04','2025-06-02 13:08:39',NULL),(56,'111','$2a$10$K3/7aHuoJ4eSX3uaXKy0/emTyyZLcR2IWTH0P8OS.1BSeWyoxanyi','3118657467@qq.com','15389653567','company',1,'2025-06-07 15:31:14','2025-06-07 07:31:14',NULL),(57,'111111','$2a$10$4Y5CtdOXg6VjEHQPgVftderkuqwp9kJXwjPO99cp8ZWm7tr1TUxau','fajdjfk@gmail.com','14278656789','company',1,'2025-12-14 16:19:24','2025-12-14 08:19:24',NULL);
/*!40000 ALTER TABLE `users` ENABLE KEYS */;
UNLOCK TABLES;
/*!40103 SET TIME_ZONE=@OLD_TIME_ZONE */;

/*!40101 SET SQL_MODE=@OLD_SQL_MODE */;
/*!40014 SET FOREIGN_KEY_CHECKS=@OLD_FOREIGN_KEY_CHECKS */;
/*!40014 SET UNIQUE_CHECKS=@OLD_UNIQUE_CHECKS */;
/*!40101 SET CHARACTER_SET_CLIENT=@OLD_CHARACTER_SET_CLIENT */;
/*!40101 SET CHARACTER_SET_RESULTS=@OLD_CHARACTER_SET_RESULTS */;
/*!40101 SET COLLATION_CONNECTION=@OLD_COLLATION_CONNECTION */;
/*!40111 SET SQL_NOTES=@OLD_SQL_NOTES */;

-- Dump completed on 2026-02-06 19:53:38
